f,developers,cnt,message_length_avg_better,refactor_mle_avg_better,commit_hours_better,message_length_avg_same,refactor_mle_avg_same,commit_hours_same
Large,22077,25706,0.48673461448689148,0.55621255737959374,0.69610207733603091,0.0037345366840426633,0.07939780595969885,0.098459503617832039
Medium,16564,19690,0.49751142712036361,0.59222955815134659,0.67587607922803428,0.0047739969527679166,0.13224987303199573,0.10421533773489053
Single,238,281,0.48042704626334515,0.52313167259786453,0.508896797153025,0.0071174377224199276,0.12811387900355878,0.11032028469750889
Small,3628,4617,0.49555988737275358,0.62768031189083717,0.63092917478882438,0.011695906432748529,0.23023608403725357,0.096816114359973962