f,Continued,developers,repos,cnt,refactor_mle,message_length_avg,commit_hours,high_refactor,high_message_length_avg,high_commit_hours
Large,false,56566,2956,67023,0.1811604514936683,180.30364140045384,10.552705787565518,0.36199513599808736,0.51988123480000381,0.076108201662116931
Large,true,58380,2995,161155,0.1938711132143571,214.1521091849975,13.339524060686992,0.39287642331916622,0.61252831125314078,0.21619558809841508
Medium,false,39037,8644,47144,0.12102514626211611,98.095530861965514,10.391205667741378,0.24660614288138477,0.3115136602749049,0.0641226879348381
Medium,true,38075,9212,115655,0.12147146308693108,109.17700468441753,12.995253123514003,0.23629760926894683,0.32620293113138005,0.19179456141109419
Single,false,375,415,492,0.14723807751605109,56.227881352246889,13.709349593495933,0.32926829268292718,0.13617886178861777,0.21544715447154469
Single,true,536,591,2484,0.12128089569599045,48.103659055380405,14.783816425120769,0.25040257648953318,0.0933977455716586,0.31400966183574963
Small,false,6743,4469,8863,0.097289302532168512,79.7405305413111,11.518898792733873,0.20421979013877797,0.19304975741848118,0.12117793072323135
Small,true,7562,5244,29534,0.10381417720805373,70.6273555683741,13.816855149996629,0.20938579264576471,0.16949955982934842,0.2526918128258967