f,retention,developers,repos,cnt,refactor_mle,message_length_avg,commit_hours,high_refactor,high_message_length_avg,high_commit_hours
Large,0.70609422399400235,89338,3031,228774,0.18982828774276617,203.90510856447125,12.515198405413248,0.38300243908835713,0.58382945614449477,0.17462648727565439
Medium,0.71060310081353617,57802,9265,161764,0.12128976211089923,105.20712083653191,12.246599985163709,0.23923740758141565,0.32112212853291905,0.15513340421849187
Single,0.83158960512993541,603,643,2963,0.12645325381537154,49.905839748640851,14.568005399932476,0.26493418832264648,0.10192372595342553,0.297671279109012
Small,0.76932979533930534,9947,5462,38063,0.10204447812796863,72.807815718002828,13.283267214880658,0.20778708982476354,0.17523579329007122,0.22223681790715313