f,avg,squash_avg,diff_avg
false,140.48016278933676,136.30300218961244,129.54249622499378
true,47.215530137729694,45.482295216687191,46.655061567577285