single_shorter_prob,extra_len
0.593853820598007,9.0908571023443425