message_length_avg_better,refactor_mle_avg_better,commit_hours_better,developers,repos,cnt,continue_prob
0,0,0,20014,10050,26657,0.701804404096485
0,0,1,20166,9670,27167,0.81584275039570064
0,1,0,16144,8997,21080,0.68130929791270867
0,1,1,19925,10312,27235,0.80099137139710053
1,0,0,18551,9741,24380,0.722395406070551
1,0,1,18329,9439,24600,0.8315853658536575
1,1,0,20913,10407,29175,0.709854327335052
1,1,1,25784,12434,39108,0.81888616139920922