message_length,refactor,hours,cnt
157.76699079637925,0.11125674934259815,13.252700851355318,277.56298072218453