message_length,refactor,hours,cnt
139.4873341642726,0.10771818713070357,24,58335590